[
{
  "model": "admin.logentry",
  "pk": 1,
  "fields": {
    "action_time": "2026-04-21T15:16:32.133Z",
    "user": 1,
    "content_type": 17,
    "object_id": "1",
    "object_repr": "Music Event",
    "action_flag": 1,
    "change_message": "[{\"added\": {}}]"
  }
},
{
  "model": "admin.logentry",
  "pk": 2,
  "fields": {
    "action_time": "2026-04-21T15:17:14.270Z",
    "user": 1,
    "content_type": 4,
    "object_id": "1",
    "object_repr": "sereneeee",
    "action_flag": 2,
    "change_message": "[{\"changed\": {\"fields\": [\"First name\", \"Last name\", \"Email address\"]}}, {\"changed\": {\"name\": \"profile\", \"object\": \"Sereneeee\", \"fields\": [\"Display name\", \"Email address\", \"Role\"]}}]"
  }
},
{
  "model": "admin.logentry",
  "pk": 3,
  "fields": {
    "action_time": "2026-04-21T15:24:32.354Z",
    "user": 1,
    "content_type": 15,
    "object_id": "1",
    "object_repr": "Serene Created (Music Event)",
    "action_flag": 1,
    "change_message": "[{\"added\": {}}]"
  }
},
{
  "model": "admin.logentry",
  "pk": 4,
  "fields": {
    "action_time": "2026-04-21T15:25:17.741Z",
    "user": 1,
    "content_type": 15,
    "object_id": "1",
    "object_repr": "Serene Created (Music Event)",
    "action_flag": 2,
    "change_message": "[{\"changed\": {\"fields\": [\"Organizer\"]}}]"
  }
},
{
  "model": "admin.logentry",
  "pk": 5,
  "fields": {
    "action_time": "2026-04-21T15:26:28.036Z",
    "user": 1,
    "content_type": 15,
    "object_id": "2",
    "object_repr": "Serene Signed up for this (Music Event)",
    "action_flag": 1,
    "change_message": "[{\"added\": {}}, {\"added\": {\"name\": \"event signup\", \"object\": \"EventSignup object (1)\"}}]"
  }
},
{
  "model": "admin.logentry",
  "pk": 6,
  "fields": {
    "action_time": "2026-04-21T15:27:28.881Z",
    "user": 1,
    "content_type": 4,
    "object_id": "2",
    "object_repr": "groupadmin",
    "action_flag": 2,
    "change_message": "[{\"changed\": {\"fields\": [\"First name\", \"Last name\", \"Email address\"]}}, {\"changed\": {\"name\": \"profile\", \"object\": \"Group Admin\", \"fields\": [\"Display name\", \"Email address\"]}}]"
  }
},
{
  "model": "admin.logentry",
  "pk": 7,
  "fields": {
    "action_time": "2026-04-21T15:27:36.455Z",
    "user": 1,
    "content_type": 15,
    "object_id": "2",
    "object_repr": "Serene Signed up for this (Music Event)",
    "action_flag": 2,
    "change_message": "[{\"changed\": {\"fields\": [\"Organizer\"]}}]"
  }
},
{
  "model": "admin.logentry",
  "pk": 8,
  "fields": {
    "action_time": "2026-04-21T15:28:09.792Z",
    "user": 1,
    "content_type": 15,
    "object_id": "3",
    "object_repr": "Ordinary Event Serene haven't signed up for (Music Event)",
    "action_flag": 1,
    "change_message": "[{\"added\": {}}]"
  }
},
{
  "model": "admin.logentry",
  "pk": 9,
  "fields": {
    "action_time": "2026-04-21T15:43:39.377Z",
    "user": 1,
    "content_type": 15,
    "object_id": "3",
    "object_repr": "Ordinary Event Serene haven't signed up for (Music Event)",
    "action_flag": 2,
    "change_message": "[{\"changed\": {\"name\": \"event signup\", \"object\": \"EventSignup object (2)\", \"fields\": [\"New registrant\"]}}, {\"deleted\": {\"name\": \"event signup\", \"object\": \"EventSignup object (None)\"}}]"
  }
},
{
  "model": "admin.logentry",
  "pk": 10,
  "fields": {
    "action_time": "2026-04-21T15:45:52.440Z",
    "user": 1,
    "content_type": 15,
    "object_id": "3",
    "object_repr": "Ordinary Event Serene haven't signed up for (Music Event)",
    "action_flag": 2,
    "change_message": "[]"
  }
},
{
  "model": "admin.logentry",
  "pk": 11,
  "fields": {
    "action_time": "2026-04-21T15:46:26.776Z",
    "user": 1,
    "content_type": 15,
    "object_id": "3",
    "object_repr": "Ordinary Event Serene haven't signed up for (Music Event)",
    "action_flag": 2,
    "change_message": "[{\"deleted\": {\"name\": \"event signup\", \"object\": \"EventSignup object (None)\"}}]"
  }
},
{
  "model": "admin.logentry",
  "pk": 12,
  "fields": {
    "action_time": "2026-04-21T16:16:15.891Z",
    "user": 1,
    "content_type": 15,
    "object_id": "3",
    "object_repr": "Ordinary Event Serene haven't signed up for (Music Event)",
    "action_flag": 2,
    "change_message": "[{\"deleted\": {\"name\": \"event signup\", \"object\": \"EventSignup object (None)\"}}]"
  }
},
{
  "model": "admin.logentry",
  "pk": 13,
  "fields": {
    "action_time": "2026-04-21T17:09:00.694Z",
    "user": 1,
    "content_type": 15,
    "object_id": "1",
    "object_repr": "Serene Created (Music Event)",
    "action_flag": 2,
    "change_message": "[{\"changed\": {\"fields\": [\"Event capacity\"]}}]"
  }
},
{
  "model": "admin.logentry",
  "pk": 14,
  "fields": {
    "action_time": "2026-04-21T17:09:54.374Z",
    "user": 1,
    "content_type": 15,
    "object_id": "3",
    "object_repr": "Ordinary Event Serene haven't signed up for (Music Event)",
    "action_flag": 2,
    "change_message": "[{\"changed\": {\"fields\": [\"Event capacity\"]}}]"
  }
},
{
  "model": "admin.logentry",
  "pk": 15,
  "fields": {
    "action_time": "2026-04-30T17:51:03.935Z",
    "user": 1,
    "content_type": 12,
    "object_id": "1",
    "object_repr": "Adventure",
    "action_flag": 1,
    "change_message": "[{\"added\": {}}]"
  }
},
{
  "model": "admin.logentry",
  "pk": 16,
  "fields": {
    "action_time": "2026-04-30T17:51:15.462Z",
    "user": 1,
    "content_type": 12,
    "object_id": "2",
    "object_repr": "Fantasy",
    "action_flag": 1,
    "change_message": "[{\"added\": {}}]"
  }
},
{
  "model": "admin.logentry",
  "pk": 17,
  "fields": {
    "action_time": "2026-04-30T17:51:23.485Z",
    "user": 1,
    "content_type": 12,
    "object_id": "3",
    "object_repr": "Romance",
    "action_flag": 1,
    "change_message": "[{\"added\": {}}]"
  }
},
{
  "model": "admin.logentry",
  "pk": 18,
  "fields": {
    "action_time": "2026-04-30T17:51:52.280Z",
    "user": 1,
    "content_type": 11,
    "object_id": "1",
    "object_repr": "One Piece",
    "action_flag": 1,
    "change_message": "[{\"added\": {}}]"
  }
},
{
  "model": "admin.logentry",
  "pk": 19,
  "fields": {
    "action_time": "2026-04-30T17:52:16.355Z",
    "user": 1,
    "content_type": 11,
    "object_id": "2",
    "object_repr": "Harry Potter and the Chamber of Secrets",
    "action_flag": 1,
    "change_message": "[{\"added\": {}}]"
  }
},
{
  "model": "admin.logentry",
  "pk": 20,
  "fields": {
    "action_time": "2026-04-30T17:52:36.484Z",
    "user": 1,
    "content_type": 11,
    "object_id": "3",
    "object_repr": "She’s Dating the Gangster",
    "action_flag": 1,
    "change_message": "[{\"added\": {}}]"
  }
},
{
  "model": "admin.logentry",
  "pk": 21,
  "fields": {
    "action_time": "2026-04-30T18:05:26.506Z",
    "user": 1,
    "content_type": 4,
    "object_id": "1",
    "object_repr": "sereneeee",
    "action_flag": 2,
    "change_message": "[{\"changed\": {\"name\": \"profile\", \"object\": \"Sereneeee\", \"fields\": [\"Role\"]}}]"
  }
},
{
  "model": "admin.logentry",
  "pk": 22,
  "fields": {
    "action_time": "2026-04-30T18:05:55.412Z",
    "user": 1,
    "content_type": 4,
    "object_id": "1",
    "object_repr": "sereneeee",
    "action_flag": 2,
    "change_message": "[]"
  }
},
{
  "model": "admin.logentry",
  "pk": 23,
  "fields": {
    "action_time": "2026-04-30T18:10:23.213Z",
    "user": 1,
    "content_type": 11,
    "object_id": "4",
    "object_repr": "Kaguya-sama: Love Is War",
    "action_flag": 2,
    "change_message": "[]"
  }
},
{
  "model": "admin.logentry",
  "pk": 24,
  "fields": {
    "action_time": "2026-04-30T18:10:28.548Z",
    "user": 1,
    "content_type": 11,
    "object_id": "3",
    "object_repr": "She’s Dating the Gangster",
    "action_flag": 2,
    "change_message": "[{\"changed\": {\"fields\": [\"Contributor\"]}}]"
  }
},
{
  "model": "admin.logentry",
  "pk": 25,
  "fields": {
    "action_time": "2026-04-30T18:10:34.952Z",
    "user": 1,
    "content_type": 11,
    "object_id": "2",
    "object_repr": "Harry Potter and the Chamber of Secrets",
    "action_flag": 2,
    "change_message": "[{\"changed\": {\"fields\": [\"Contributor\"]}}]"
  }
},
{
  "model": "admin.logentry",
  "pk": 26,
  "fields": {
    "action_time": "2026-04-30T18:10:42.662Z",
    "user": 1,
    "content_type": 11,
    "object_id": "1",
    "object_repr": "One Piece",
    "action_flag": 2,
    "change_message": "[{\"changed\": {\"fields\": [\"Contributor\"]}}]"
  }
},
{
  "model": "admin.logentry",
  "pk": 27,
  "fields": {
    "action_time": "2026-04-30T18:23:31.618Z",
    "user": 1,
    "content_type": 8,
    "object_id": "1",
    "object_repr": "Digital Art",
    "action_flag": 1,
    "change_message": "[{\"added\": {}}]"
  }
},
{
  "model": "admin.logentry",
  "pk": 28,
  "fields": {
    "action_time": "2026-04-30T18:23:39.027Z",
    "user": 1,
    "content_type": 8,
    "object_id": "2",
    "object_repr": "Web Development",
    "action_flag": 1,
    "change_message": "[{\"added\": {}}]"
  }
},
{
  "model": "admin.logentry",
  "pk": 29,
  "fields": {
    "action_time": "2026-04-30T18:23:46.828Z",
    "user": 1,
    "content_type": 8,
    "object_id": "3",
    "object_repr": "Video Editing",
    "action_flag": 1,
    "change_message": "[{\"added\": {}}]"
  }
},
{
  "model": "admin.logentry",
  "pk": 30,
  "fields": {
    "action_time": "2026-04-30T18:24:15.817Z",
    "user": 1,
    "content_type": 7,
    "object_id": "1",
    "object_repr": "Anime Portrait Commission from Digital Art",
    "action_flag": 1,
    "change_message": "[{\"added\": {}}]"
  }
},
{
  "model": "admin.logentry",
  "pk": 31,
  "fields": {
    "action_time": "2026-04-30T18:24:33.613Z",
    "user": 1,
    "content_type": 7,
    "object_id": "2",
    "object_repr": "Startup Website Build from Web Development",
    "action_flag": 1,
    "change_message": "[{\"added\": {}}]"
  }
},
{
  "model": "admin.logentry",
  "pk": 32,
  "fields": {
    "action_time": "2026-04-30T18:24:58.759Z",
    "user": 1,
    "content_type": 7,
    "object_id": "3",
    "object_repr": "YouTube Video Editing Pack from Video Editing",
    "action_flag": 1,
    "change_message": "[{\"added\": {}}]"
  }
},
{
  "model": "admin.logentry",
  "pk": 33,
  "fields": {
    "action_time": "2026-04-30T18:33:05.422Z",
    "user": 1,
    "content_type": 9,
    "object_id": "1",
    "object_repr": "Line Artist for Anime Portrait Commission from Digital Art",
    "action_flag": 1,
    "change_message": "[{\"added\": {}}]"
  }
},
{
  "model": "admin.logentry",
  "pk": 34,
  "fields": {
    "action_time": "2026-04-30T18:33:18.799Z",
    "user": 1,
    "content_type": 9,
    "object_id": "2",
    "object_repr": "Colorist for Anime Portrait Commission from Digital Art",
    "action_flag": 1,
    "change_message": "[{\"added\": {}}]"
  }
},
{
  "model": "admin.logentry",
  "pk": 35,
  "fields": {
    "action_time": "2026-04-30T18:33:33.387Z",
    "user": 1,
    "content_type": 9,
    "object_id": "3",
    "object_repr": "Frontend Developer for Startup Website Build from Web Development",
    "action_flag": 1,
    "change_message": "[{\"added\": {}}]"
  }
},
{
  "model": "admin.logentry",
  "pk": 36,
  "fields": {
    "action_time": "2026-04-30T18:33:45.852Z",
    "user": 1,
    "content_type": 9,
    "object_id": "4",
    "object_repr": "Backend Developer for Startup Website Build from Web Development",
    "action_flag": 1,
    "change_message": "[{\"added\": {}}]"
  }
},
{
  "model": "admin.logentry",
  "pk": 37,
  "fields": {
    "action_time": "2026-04-30T18:34:03.439Z",
    "user": 1,
    "content_type": 9,
    "object_id": "5",
    "object_repr": "UI/UX Designer for Startup Website Build from Web Development",
    "action_flag": 1,
    "change_message": "[{\"added\": {}}]"
  }
},
{
  "model": "admin.logentry",
  "pk": 38,
  "fields": {
    "action_time": "2026-04-30T18:34:12.902Z",
    "user": 1,
    "content_type": 9,
    "object_id": "6",
    "object_repr": "Video Editor for YouTube Video Editing Pack from Video Editing",
    "action_flag": 1,
    "change_message": "[{\"added\": {}}]"
  }
},
{
  "model": "admin.logentry",
  "pk": 39,
  "fields": {
    "action_time": "2026-04-30T18:34:38.371Z",
    "user": 1,
    "content_type": 10,
    "object_id": "1",
    "object_repr": "Group Admin - Colorist for Anime Portrait Commission from Digital Art",
    "action_flag": 1,
    "change_message": "[{\"added\": {}}]"
  }
},
{
  "model": "admin.logentry",
  "pk": 40,
  "fields": {
    "action_time": "2026-04-30T18:34:46.414Z",
    "user": 1,
    "content_type": 10,
    "object_id": "2",
    "object_repr": "Sereneeee - Backend Developer for Startup Website Build from Web Development",
    "action_flag": 1,
    "change_message": "[{\"added\": {}}]"
  }
},
{
  "model": "admin.logentry",
  "pk": 41,
  "fields": {
    "action_time": "2026-04-30T18:36:20.542Z",
    "user": 1,
    "content_type": 10,
    "object_id": "3",
    "object_repr": "Group Admin - Video Editor for YouTube Video Editing Pack from Video Editing",
    "action_flag": 2,
    "change_message": "[{\"changed\": {\"fields\": [\"Applicant\"]}}]"
  }
},
{
  "model": "admin.logentry",
  "pk": 42,
  "fields": {
    "action_time": "2026-04-30T18:36:36.903Z",
    "user": 1,
    "content_type": 10,
    "object_id": "3",
    "object_repr": "Group Admin - Video Editor for YouTube Video Editing Pack from Video Editing",
    "action_flag": 2,
    "change_message": "[{\"changed\": {\"fields\": [\"Status\"]}}]"
  }
},
{
  "model": "admin.logentry",
  "pk": 43,
  "fields": {
    "action_time": "2026-04-30T18:41:22.250Z",
    "user": 1,
    "content_type": 4,
    "object_id": "1",
    "object_repr": "sereneeee",
    "action_flag": 2,
    "change_message": "[{\"changed\": {\"name\": \"profile\", \"object\": \"Sereneeee\", \"fields\": [\"Role\"]}}]"
  }
},
{
  "model": "admin.logentry",
  "pk": 44,
  "fields": {
    "action_time": "2026-04-30T18:59:23.679Z",
    "user": 1,
    "content_type": 20,
    "object_id": "1",
    "object_repr": "Woodworking",
    "action_flag": 1,
    "change_message": "[{\"added\": {}}]"
  }
},
{
  "model": "admin.logentry",
  "pk": 45,
  "fields": {
    "action_time": "2026-04-30T18:59:35.133Z",
    "user": 1,
    "content_type": 20,
    "object_id": "2",
    "object_repr": "Electronics",
    "action_flag": 1,
    "change_message": "[{\"added\": {}}]"
  }
},
{
  "model": "admin.logentry",
  "pk": 46,
  "fields": {
    "action_time": "2026-04-30T18:59:44.155Z",
    "user": 1,
    "content_type": 20,
    "object_id": "3",
    "object_repr": "Arts & Crafts",
    "action_flag": 1,
    "change_message": "[{\"added\": {}}]"
  }
},
{
  "model": "admin.logentry",
  "pk": 47,
  "fields": {
    "action_time": "2026-04-30T19:00:22.055Z",
    "user": 1,
    "content_type": 19,
    "object_id": "1",
    "object_repr": "DIY Wooden Phone Stand",
    "action_flag": 1,
    "change_message": "[{\"added\": {}}]"
  }
},
{
  "model": "admin.logentry",
  "pk": 48,
  "fields": {
    "action_time": "2026-04-30T19:00:48.334Z",
    "user": 1,
    "content_type": 19,
    "object_id": "2",
    "object_repr": "Obstacle Avoiding Robot (Arduino)",
    "action_flag": 1,
    "change_message": "[{\"added\": {}}]"
  }
},
{
  "model": "admin.logentry",
  "pk": 49,
  "fields": {
    "action_time": "2026-04-30T19:01:21.395Z",
    "user": 1,
    "content_type": 19,
    "object_id": "3",
    "object_repr": "Handmade Explosion Gift Box",
    "action_flag": 1,
    "change_message": "[{\"added\": {}}]"
  }
},
{
  "model": "admin.logentry",
  "pk": 50,
  "fields": {
    "action_time": "2026-04-30T19:01:38.144Z",
    "user": 1,
    "content_type": 21,
    "object_id": "1",
    "object_repr": "★★★★★★★★",
    "action_flag": 1,
    "change_message": "[{\"added\": {}}]"
  }
},
{
  "model": "admin.logentry",
  "pk": 51,
  "fields": {
    "action_time": "2026-04-30T19:01:47.558Z",
    "user": 1,
    "content_type": 21,
    "object_id": "2",
    "object_repr": "★★★★★★★★★★",
    "action_flag": 1,
    "change_message": "[{\"added\": {}}]"
  }
},
{
  "model": "admin.logentry",
  "pk": 52,
  "fields": {
    "action_time": "2026-04-30T19:01:55.962Z",
    "user": 1,
    "content_type": 21,
    "object_id": "3",
    "object_repr": "★★★★★★★★★",
    "action_flag": 1,
    "change_message": "[{\"added\": {}}]"
  }
},
{
  "model": "admin.logentry",
  "pk": 53,
  "fields": {
    "action_time": "2026-04-30T19:05:44.921Z",
    "user": 1,
    "content_type": 22,
    "object_id": "1",
    "object_repr": "Review by Group Admin",
    "action_flag": 1,
    "change_message": "[{\"added\": {}}]"
  }
},
{
  "model": "admin.logentry",
  "pk": 54,
  "fields": {
    "action_time": "2026-04-30T19:07:00.717Z",
    "user": 1,
    "content_type": 22,
    "object_id": "2",
    "object_repr": "Review by Sereneeee",
    "action_flag": 1,
    "change_message": "[{\"added\": {}}]"
  }
},
{
  "model": "admin.logentry",
  "pk": 55,
  "fields": {
    "action_time": "2026-04-30T19:07:46.545Z",
    "user": 1,
    "content_type": 22,
    "object_id": "3",
    "object_repr": "Review by Sereneeee",
    "action_flag": 1,
    "change_message": "[{\"added\": {}}]"
  }
},
{
  "model": "admin.logentry",
  "pk": 56,
  "fields": {
    "action_time": "2026-04-30T19:08:01.944Z",
    "user": 1,
    "content_type": 22,
    "object_id": "2",
    "object_repr": "Review by Group Admin",
    "action_flag": 2,
    "change_message": "[{\"changed\": {\"fields\": [\"Reviewer\"]}}]"
  }
},
{
  "model": "admin.logentry",
  "pk": 57,
  "fields": {
    "action_time": "2026-04-30T19:16:13.004Z",
    "user": 1,
    "content_type": 14,
    "object_id": "1",
    "object_repr": "Apparel",
    "action_flag": 1,
    "change_message": "[{\"added\": {}}]"
  }
},
{
  "model": "admin.logentry",
  "pk": 58,
  "fields": {
    "action_time": "2026-04-30T19:16:31.683Z",
    "user": 1,
    "content_type": 14,
    "object_id": "2",
    "object_repr": "Accessories",
    "action_flag": 1,
    "change_message": "[{\"added\": {}}]"
  }
},
{
  "model": "admin.logentry",
  "pk": 59,
  "fields": {
    "action_time": "2026-04-30T19:16:48.553Z",
    "user": 1,
    "content_type": 14,
    "object_id": "3",
    "object_repr": "Tech Gadgets",
    "action_flag": 1,
    "change_message": "[{\"added\": {}}]"
  }
},
{
  "model": "admin.logentry",
  "pk": 60,
  "fields": {
    "action_time": "2026-04-30T19:18:22.262Z",
    "user": 1,
    "content_type": 13,
    "object_id": "1",
    "object_repr": "One Piece Straw Hat Crew T-Shirt",
    "action_flag": 1,
    "change_message": "[{\"added\": {}}]"
  }
},
{
  "model": "admin.logentry",
  "pk": 61,
  "fields": {
    "action_time": "2026-04-30T19:19:41.112Z",
    "user": 1,
    "content_type": 13,
    "object_id": "2",
    "object_repr": "Kaguya-sama Acrylic Keychain",
    "action_flag": 1,
    "change_message": "[{\"added\": {}}]"
  }
},
{
  "model": "admin.logentry",
  "pk": 62,
  "fields": {
    "action_time": "2026-04-30T19:20:45.034Z",
    "user": 1,
    "content_type": 13,
    "object_id": "3",
    "object_repr": "LED Desk Lamp",
    "action_flag": 1,
    "change_message": "[{\"added\": {}}]"
  }
},
{
  "model": "admin.logentry",
  "pk": 63,
  "fields": {
    "action_time": "2026-04-30T19:21:13.299Z",
    "user": 1,
    "content_type": 27,
    "object_id": "1",
    "object_repr": "Group Admin - One Piece Straw Hat Crew T-Shirt at 2",
    "action_flag": 1,
    "change_message": "[{\"added\": {}}]"
  }
},
{
  "model": "admin.logentry",
  "pk": 64,
  "fields": {
    "action_time": "2026-04-30T19:21:22.149Z",
    "user": 1,
    "content_type": 27,
    "object_id": "2",
    "object_repr": "Sereneeee - Kaguya-sama Acrylic Keychain at 1",
    "action_flag": 1,
    "change_message": "[{\"added\": {}}]"
  }
},
{
  "model": "admin.logentry",
  "pk": 65,
  "fields": {
    "action_time": "2026-04-30T19:21:32.769Z",
    "user": 1,
    "content_type": 27,
    "object_id": "3",
    "object_repr": "Sereneeee - LED Desk Lamp at 1",
    "action_flag": 1,
    "change_message": "[{\"added\": {}}]"
  }
},
{
  "model": "admin.logentry",
  "pk": 66,
  "fields": {
    "action_time": "2026-04-30T19:26:13.700Z",
    "user": 1,
    "content_type": 17,
    "object_id": "1",
    "object_repr": "Music Event",
    "action_flag": 3,
    "change_message": ""
  }
},
{
  "model": "admin.logentry",
  "pk": 67,
  "fields": {
    "action_time": "2026-04-30T19:26:23.813Z",
    "user": 1,
    "content_type": 17,
    "object_id": "2",
    "object_repr": "Music Events",
    "action_flag": 1,
    "change_message": "[{\"added\": {}}]"
  }
},
{
  "model": "admin.logentry",
  "pk": 68,
  "fields": {
    "action_time": "2026-04-30T19:26:31.748Z",
    "user": 1,
    "content_type": 17,
    "object_id": "3",
    "object_repr": "Cosplay & Fan Events",
    "action_flag": 1,
    "change_message": "[{\"added\": {}}]"
  }
},
{
  "model": "admin.logentry",
  "pk": 69,
  "fields": {
    "action_time": "2026-04-30T19:26:44.884Z",
    "user": 1,
    "content_type": 17,
    "object_id": "4",
    "object_repr": "Sports & Competitions",
    "action_flag": 1,
    "change_message": "[{\"added\": {}}]"
  }
},
{
  "model": "admin.logentry",
  "pk": 70,
  "fields": {
    "action_time": "2026-04-30T19:27:19.315Z",
    "user": 1,
    "content_type": 15,
    "object_id": "4",
    "object_repr": "Serene's 3rd Created Event (None)",
    "action_flag": 3,
    "change_message": ""
  }
},
{
  "model": "admin.logentry",
  "pk": 71,
  "fields": {
    "action_time": "2026-04-30T19:27:23.117Z",
    "user": 1,
    "content_type": 15,
    "object_id": "3",
    "object_repr": "Ordinary Event Serene haven't signed up for (None)",
    "action_flag": 3,
    "change_message": ""
  }
},
{
  "model": "admin.logentry",
  "pk": 72,
  "fields": {
    "action_time": "2026-04-30T19:27:26.317Z",
    "user": 1,
    "content_type": 15,
    "object_id": "2",
    "object_repr": "Serene Signed up for this (None)",
    "action_flag": 3,
    "change_message": ""
  }
},
{
  "model": "admin.logentry",
  "pk": 73,
  "fields": {
    "action_time": "2026-04-30T19:27:29.388Z",
    "user": 1,
    "content_type": 15,
    "object_id": "1",
    "object_repr": "Serene Created (None)",
    "action_flag": 3,
    "change_message": ""
  }
},
{
  "model": "admin.logentry",
  "pk": 74,
  "fields": {
    "action_time": "2026-04-30T19:29:10.703Z",
    "user": 1,
    "content_type": 15,
    "object_id": "5",
    "object_repr": "UP Fair: Live Music Night (Music Events)",
    "action_flag": 1,
    "change_message": "[{\"added\": {}}]"
  }
},
{
  "model": "admin.logentry",
  "pk": 75,
  "fields": {
    "action_time": "2026-04-30T19:30:43.510Z",
    "user": 1,
    "content_type": 15,
    "object_id": "6",
    "object_repr": "Anime Cosplay Convention 2026 (Cosplay & Fan Events)",
    "action_flag": 1,
    "change_message": "[{\"added\": {}}]"
  }
},
{
  "model": "admin.logentry",
  "pk": 76,
  "fields": {
    "action_time": "2026-04-30T19:32:17.020Z",
    "user": 1,
    "content_type": 15,
    "object_id": "7",
    "object_repr": "Division Palaro 2026: Dancesport (Sports & Competitions)",
    "action_flag": 1,
    "change_message": "[{\"added\": {}}]"
  }
},
{
  "model": "admin.logentry",
  "pk": 77,
  "fields": {
    "action_time": "2026-04-30T19:32:42.792Z",
    "user": 1,
    "content_type": 16,
    "object_id": "12",
    "object_repr": "User: Group Admin | Event: UP Fair: Live Music Night (Music Events)",
    "action_flag": 1,
    "change_message": "[{\"added\": {}}]"
  }
},
{
  "model": "admin.logentry",
  "pk": 78,
  "fields": {
    "action_time": "2026-04-30T19:32:51.014Z",
    "user": 1,
    "content_type": 16,
    "object_id": "13",
    "object_repr": "User: Sereneeee | Event: Anime Cosplay Convention 2026 (Cosplay & Fan Events)",
    "action_flag": 1,
    "change_message": "[{\"added\": {}}]"
  }
},
{
  "model": "admin.logentry",
  "pk": 79,
  "fields": {
    "action_time": "2026-04-30T19:33:13.824Z",
    "user": 1,
    "content_type": 16,
    "object_id": "14",
    "object_repr": "Guest: Marvie Isabel Abuloc | Event: Division Palaro 2026: Dancesport (Sports & Competitions)",
    "action_flag": 1,
    "change_message": "[{\"added\": {}}]"
  }
},
{
  "model": "admin.logentry",
  "pk": 80,
  "fields": {
    "action_time": "2026-05-01T01:09:38.014Z",
    "user": 1,
    "content_type": 16,
    "object_id": "13",
    "object_repr": "Guest:  | Event: Anime Cosplay Convention 2026 (Cosplay & Fan Events)",
    "action_flag": 2,
    "change_message": "[{\"changed\": {\"fields\": [\"User registrant\"]}}]"
  }
},
{
  "model": "admin.logentry",
  "pk": 81,
  "fields": {
    "action_time": "2026-05-01T01:38:36.789Z",
    "user": 1,
    "content_type": 4,
    "object_id": "1",
    "object_repr": "sereneeee",
    "action_flag": 2,
    "change_message": "[{\"changed\": {\"name\": \"profile\", \"object\": \"Sereneeee\", \"fields\": [\"Role\"]}}]"
  }
},
{
  "model": "admin.logentry",
  "pk": 82,
  "fields": {
    "action_time": "2026-05-01T01:39:02.745Z",
    "user": 1,
    "content_type": 4,
    "object_id": "1",
    "object_repr": "sereneeee",
    "action_flag": 2,
    "change_message": "[]"
  }
},
{
  "model": "admin.logentry",
  "pk": 83,
  "fields": {
    "action_time": "2026-05-01T01:41:33.365Z",
    "user": 1,
    "content_type": 4,
    "object_id": "1",
    "object_repr": "sereneeee",
    "action_flag": 2,
    "change_message": "[{\"changed\": {\"name\": \"profile\", \"object\": \"Sereneeee\", \"fields\": [\"Role\"]}}]"
  }
},
{
  "model": "admin.logentry",
  "pk": 84,
  "fields": {
    "action_time": "2026-05-01T02:06:56.902Z",
    "user": 1,
    "content_type": 15,
    "object_id": "10",
    "object_repr": "b (Cosplay & Fan Events)",
    "action_flag": 3,
    "change_message": ""
  }
},
{
  "model": "admin.logentry",
  "pk": 85,
  "fields": {
    "action_time": "2026-05-01T02:07:01.553Z",
    "user": 1,
    "content_type": 15,
    "object_id": "9",
    "object_repr": "b (Cosplay & Fan Events)",
    "action_flag": 3,
    "change_message": ""
  }
},
{
  "model": "admin.logentry",
  "pk": 86,
  "fields": {
    "action_time": "2026-05-01T02:07:05.142Z",
    "user": 1,
    "content_type": 15,
    "object_id": "8",
    "object_repr": "edited event (Cosplay & Fan Events)",
    "action_flag": 3,
    "change_message": ""
  }
},
{
  "model": "admin.logentry",
  "pk": 87,
  "fields": {
    "action_time": "2026-05-01T02:31:36.075Z",
    "user": 1,
    "content_type": 4,
    "object_id": "1",
    "object_repr": "sereneeee",
    "action_flag": 2,
    "change_message": "[{\"changed\": {\"name\": \"profile\", \"object\": \"Sereneeee\", \"fields\": [\"Role\"]}}]"
  }
},
{
  "model": "admin.logentry",
  "pk": 88,
  "fields": {
    "action_time": "2026-05-01T02:35:56.961Z",
    "user": 1,
    "content_type": 25,
    "object_id": "2",
    "object_repr": "Sereneeee - s",
    "action_flag": 3,
    "change_message": ""
  }
},
{
  "model": "admin.logentry",
  "pk": 89,
  "fields": {
    "action_time": "2026-05-01T03:11:34.158Z",
    "user": 1,
    "content_type": 25,
    "object_id": "3",
    "object_repr": "Sereneeee - af",
    "action_flag": 3,
    "change_message": ""
  }
},
{
  "model": "admin.logentry",
  "pk": 90,
  "fields": {
    "action_time": "2026-05-01T03:47:07.634Z",
    "user": 1,
    "content_type": 4,
    "object_id": "1",
    "object_repr": "sereneeee",
    "action_flag": 2,
    "change_message": "[{\"changed\": {\"name\": \"profile\", \"object\": \"Sereneeee\", \"fields\": [\"Role\"]}}]"
  }
},
{
  "model": "admin.logentry",
  "pk": 91,
  "fields": {
    "action_time": "2026-05-01T03:56:38.430Z",
    "user": 1,
    "content_type": 22,
    "object_id": "4",
    "object_repr": "Review by Sereneeee",
    "action_flag": 3,
    "change_message": ""
  }
},
{
  "model": "admin.logentry",
  "pk": 92,
  "fields": {
    "action_time": "2026-05-01T04:23:51.647Z",
    "user": 1,
    "content_type": 4,
    "object_id": "1",
    "object_repr": "sereneeee",
    "action_flag": 2,
    "change_message": "[{\"changed\": {\"name\": \"profile\", \"object\": \"Sereneeee\", \"fields\": [\"Role\"]}}]"
  }
},
{
  "model": "admin.logentry",
  "pk": 93,
  "fields": {
    "action_time": "2026-05-01T04:44:42.743Z",
    "user": 1,
    "content_type": 13,
    "object_id": "7",
    "object_repr": "adsf",
    "action_flag": 3,
    "change_message": ""
  }
},
{
  "model": "admin.logentry",
  "pk": 94,
  "fields": {
    "action_time": "2026-05-01T04:44:46.620Z",
    "user": 1,
    "content_type": 13,
    "object_id": "6",
    "object_repr": "adsf",
    "action_flag": 3,
    "change_message": ""
  }
},
{
  "model": "admin.logentry",
  "pk": 95,
  "fields": {
    "action_time": "2026-05-01T04:44:50.121Z",
    "user": 1,
    "content_type": 13,
    "object_id": "5",
    "object_repr": "adsf",
    "action_flag": 3,
    "change_message": ""
  }
},
{
  "model": "admin.logentry",
  "pk": 96,
  "fields": {
    "action_time": "2026-05-01T04:44:53.271Z",
    "user": 1,
    "content_type": 13,
    "object_id": "4",
    "object_repr": "adsf",
    "action_flag": 3,
    "change_message": ""
  }
},
{
  "model": "admin.logentry",
  "pk": 97,
  "fields": {
    "action_time": "2026-05-01T04:44:56.421Z",
    "user": 1,
    "content_type": 13,
    "object_id": "9",
    "object_repr": "af",
    "action_flag": 3,
    "change_message": ""
  }
},
{
  "model": "admin.logentry",
  "pk": 98,
  "fields": {
    "action_time": "2026-05-01T04:45:00.116Z",
    "user": 1,
    "content_type": 13,
    "object_id": "8",
    "object_repr": "af",
    "action_flag": 3,
    "change_message": ""
  }
},
{
  "model": "admin.logentry",
  "pk": 99,
  "fields": {
    "action_time": "2026-05-01T05:00:59.598Z",
    "user": 1,
    "content_type": 4,
    "object_id": "1",
    "object_repr": "sereneeee",
    "action_flag": 2,
    "change_message": "[{\"changed\": {\"name\": \"profile\", \"object\": \"Sereneeee\", \"fields\": [\"Role\"]}}]"
  }
},
{
  "model": "admin.logentry",
  "pk": 100,
  "fields": {
    "action_time": "2026-05-01T05:13:18.354Z",
    "user": 1,
    "content_type": 7,
    "object_id": "4",
    "object_repr": "asdf from Video Editing",
    "action_flag": 3,
    "change_message": ""
  }
},
{
  "model": "admin.logentry",
  "pk": 101,
  "fields": {
    "action_time": "2026-05-01T05:13:21.479Z",
    "user": 1,
    "content_type": 7,
    "object_id": "5",
    "object_repr": "ff from Digital Art",
    "action_flag": 3,
    "change_message": ""
  }
},
{
  "model": "auth.permission",
  "pk": 1,
  "fields": {
    "name": "Can add log entry",
    "content_type": 1,
    "codename": "add_logentry"
  }
},
{
  "model": "auth.permission",
  "pk": 2,
  "fields": {
    "name": "Can change log entry",
    "content_type": 1,
    "codename": "change_logentry"
  }
},
{
  "model": "auth.permission",
  "pk": 3,
  "fields": {
    "name": "Can delete log entry",
    "content_type": 1,
    "codename": "delete_logentry"
  }
},
{
  "model": "auth.permission",
  "pk": 4,
  "fields": {
    "name": "Can view log entry",
    "content_type": 1,
    "codename": "view_logentry"
  }
},
{
  "model": "auth.permission",
  "pk": 5,
  "fields": {
    "name": "Can add permission",
    "content_type": 3,
    "codename": "add_permission"
  }
},
{
  "model": "auth.permission",
  "pk": 6,
  "fields": {
    "name": "Can change permission",
    "content_type": 3,
    "codename": "change_permission"
  }
},
{
  "model": "auth.permission",
  "pk": 7,
  "fields": {
    "name": "Can delete permission",
    "content_type": 3,
    "codename": "delete_permission"
  }
},
{
  "model": "auth.permission",
  "pk": 8,
  "fields": {
    "name": "Can view permission",
    "content_type": 3,
    "codename": "view_permission"
  }
},
{
  "model": "auth.permission",
  "pk": 9,
  "fields": {
    "name": "Can add group",
    "content_type": 2,
    "codename": "add_group"
  }
},
{
  "model": "auth.permission",
  "pk": 10,
  "fields": {
    "name": "Can change group",
    "content_type": 2,
    "codename": "change_group"
  }
},
{
  "model": "auth.permission",
  "pk": 11,
  "fields": {
    "name": "Can delete group",
    "content_type": 2,
    "codename": "delete_group"
  }
},
{
  "model": "auth.permission",
  "pk": 12,
  "fields": {
    "name": "Can view group",
    "content_type": 2,
    "codename": "view_group"
  }
},
{
  "model": "auth.permission",
  "pk": 13,
  "fields": {
    "name": "Can add user",
    "content_type": 4,
    "codename": "add_user"
  }
},
{
  "model": "auth.permission",
  "pk": 14,
  "fields": {
    "name": "Can change user",
    "content_type": 4,
    "codename": "change_user"
  }
},
{
  "model": "auth.permission",
  "pk": 15,
  "fields": {
    "name": "Can delete user",
    "content_type": 4,
    "codename": "delete_user"
  }
},
{
  "model": "auth.permission",
  "pk": 16,
  "fields": {
    "name": "Can view user",
    "content_type": 4,
    "codename": "view_user"
  }
},
{
  "model": "auth.permission",
  "pk": 17,
  "fields": {
    "name": "Can add content type",
    "content_type": 5,
    "codename": "add_contenttype"
  }
},
{
  "model": "auth.permission",
  "pk": 18,
  "fields": {
    "name": "Can change content type",
    "content_type": 5,
    "codename": "change_contenttype"
  }
},
{
  "model": "auth.permission",
  "pk": 19,
  "fields": {
    "name": "Can delete content type",
    "content_type": 5,
    "codename": "delete_contenttype"
  }
},
{
  "model": "auth.permission",
  "pk": 20,
  "fields": {
    "name": "Can view content type",
    "content_type": 5,
    "codename": "view_contenttype"
  }
},
{
  "model": "auth.permission",
  "pk": 21,
  "fields": {
    "name": "Can add session",
    "content_type": 6,
    "codename": "add_session"
  }
},
{
  "model": "auth.permission",
  "pk": 22,
  "fields": {
    "name": "Can change session",
    "content_type": 6,
    "codename": "change_session"
  }
},
{
  "model": "auth.permission",
  "pk": 23,
  "fields": {
    "name": "Can delete session",
    "content_type": 6,
    "codename": "delete_session"
  }
},
{
  "model": "auth.permission",
  "pk": 24,
  "fields": {
    "name": "Can view session",
    "content_type": 6,
    "codename": "view_session"
  }
},
{
  "model": "auth.permission",
  "pk": 25,
  "fields": {
    "name": "Can add commission type",
    "content_type": 8,
    "codename": "add_commissiontype"
  }
},
{
  "model": "auth.permission",
  "pk": 26,
  "fields": {
    "name": "Can change commission type",
    "content_type": 8,
    "codename": "change_commissiontype"
  }
},
{
  "model": "auth.permission",
  "pk": 27,
  "fields": {
    "name": "Can delete commission type",
    "content_type": 8,
    "codename": "delete_commissiontype"
  }
},
{
  "model": "auth.permission",
  "pk": 28,
  "fields": {
    "name": "Can view commission type",
    "content_type": 8,
    "codename": "view_commissiontype"
  }
},
{
  "model": "auth.permission",
  "pk": 29,
  "fields": {
    "name": "Can add commission",
    "content_type": 7,
    "codename": "add_commission"
  }
},
{
  "model": "auth.permission",
  "pk": 30,
  "fields": {
    "name": "Can change commission",
    "content_type": 7,
    "codename": "change_commission"
  }
},
{
  "model": "auth.permission",
  "pk": 31,
  "fields": {
    "name": "Can delete commission",
    "content_type": 7,
    "codename": "delete_commission"
  }
},
{
  "model": "auth.permission",
  "pk": 32,
  "fields": {
    "name": "Can view commission",
    "content_type": 7,
    "codename": "view_commission"
  }
},
{
  "model": "auth.permission",
  "pk": 33,
  "fields": {
    "name": "Can add job",
    "content_type": 9,
    "codename": "add_job"
  }
},
{
  "model": "auth.permission",
  "pk": 34,
  "fields": {
    "name": "Can change job",
    "content_type": 9,
    "codename": "change_job"
  }
},
{
  "model": "auth.permission",
  "pk": 35,
  "fields": {
    "name": "Can delete job",
    "content_type": 9,
    "codename": "delete_job"
  }
},
{
  "model": "auth.permission",
  "pk": 36,
  "fields": {
    "name": "Can view job",
    "content_type": 9,
    "codename": "view_job"
  }
},
{
  "model": "auth.permission",
  "pk": 37,
  "fields": {
    "name": "Can add job application",
    "content_type": 10,
    "codename": "add_jobapplication"
  }
},
{
  "model": "auth.permission",
  "pk": 38,
  "fields": {
    "name": "Can change job application",
    "content_type": 10,
    "codename": "change_jobapplication"
  }
},
{
  "model": "auth.permission",
  "pk": 39,
  "fields": {
    "name": "Can delete job application",
    "content_type": 10,
    "codename": "delete_jobapplication"
  }
},
{
  "model": "auth.permission",
  "pk": 40,
  "fields": {
    "name": "Can view job application",
    "content_type": 10,
    "codename": "view_jobapplication"
  }
},
{
  "model": "auth.permission",
  "pk": 41,
  "fields": {
    "name": "Can add genre",
    "content_type": 12,
    "codename": "add_genre"
  }
},
{
  "model": "auth.permission",
  "pk": 42,
  "fields": {
    "name": "Can change genre",
    "content_type": 12,
    "codename": "change_genre"
  }
},
{
  "model": "auth.permission",
  "pk": 43,
  "fields": {
    "name": "Can delete genre",
    "content_type": 12,
    "codename": "delete_genre"
  }
},
{
  "model": "auth.permission",
  "pk": 44,
  "fields": {
    "name": "Can view genre",
    "content_type": 12,
    "codename": "view_genre"
  }
},
{
  "model": "auth.permission",
  "pk": 45,
  "fields": {
    "name": "Can add book",
    "content_type": 11,
    "codename": "add_book"
  }
},
{
  "model": "auth.permission",
  "pk": 46,
  "fields": {
    "name": "Can change book",
    "content_type": 11,
    "codename": "change_book"
  }
},
{
  "model": "auth.permission",
  "pk": 47,
  "fields": {
    "name": "Can delete book",
    "content_type": 11,
    "codename": "delete_book"
  }
},
{
  "model": "auth.permission",
  "pk": 48,
  "fields": {
    "name": "Can view book",
    "content_type": 11,
    "codename": "view_book"
  }
},
{
  "model": "auth.permission",
  "pk": 49,
  "fields": {
    "name": "Can add product type",
    "content_type": 14,
    "codename": "add_producttype"
  }
},
{
  "model": "auth.permission",
  "pk": 50,
  "fields": {
    "name": "Can change product type",
    "content_type": 14,
    "codename": "change_producttype"
  }
},
{
  "model": "auth.permission",
  "pk": 51,
  "fields": {
    "name": "Can delete product type",
    "content_type": 14,
    "codename": "delete_producttype"
  }
},
{
  "model": "auth.permission",
  "pk": 52,
  "fields": {
    "name": "Can view product type",
    "content_type": 14,
    "codename": "view_producttype"
  }
},
{
  "model": "auth.permission",
  "pk": 53,
  "fields": {
    "name": "Can add product",
    "content_type": 13,
    "codename": "add_product"
  }
},
{
  "model": "auth.permission",
  "pk": 54,
  "fields": {
    "name": "Can change product",
    "content_type": 13,
    "codename": "change_product"
  }
},
{
  "model": "auth.permission",
  "pk": 55,
  "fields": {
    "name": "Can delete product",
    "content_type": 13,
    "codename": "delete_product"
  }
},
{
  "model": "auth.permission",
  "pk": 56,
  "fields": {
    "name": "Can view product",
    "content_type": 13,
    "codename": "view_product"
  }
},
{
  "model": "auth.permission",
  "pk": 57,
  "fields": {
    "name": "Can add event type",
    "content_type": 17,
    "codename": "add_eventtype"
  }
},
{
  "model": "auth.permission",
  "pk": 58,
  "fields": {
    "name": "Can change event type",
    "content_type": 17,
    "codename": "change_eventtype"
  }
},
{
  "model": "auth.permission",
  "pk": 59,
  "fields": {
    "name": "Can delete event type",
    "content_type": 17,
    "codename": "delete_eventtype"
  }
},
{
  "model": "auth.permission",
  "pk": 60,
  "fields": {
    "name": "Can view event type",
    "content_type": 17,
    "codename": "view_eventtype"
  }
},
{
  "model": "auth.permission",
  "pk": 61,
  "fields": {
    "name": "Can add event",
    "content_type": 15,
    "codename": "add_event"
  }
},
{
  "model": "auth.permission",
  "pk": 62,
  "fields": {
    "name": "Can change event",
    "content_type": 15,
    "codename": "change_event"
  }
},
{
  "model": "auth.permission",
  "pk": 63,
  "fields": {
    "name": "Can delete event",
    "content_type": 15,
    "codename": "delete_event"
  }
},
{
  "model": "auth.permission",
  "pk": 64,
  "fields": {
    "name": "Can view event",
    "content_type": 15,
    "codename": "view_event"
  }
},
{
  "model": "auth.permission",
  "pk": 65,
  "fields": {
    "name": "Can add event signup",
    "content_type": 16,
    "codename": "add_eventsignup"
  }
},
{
  "model": "auth.permission",
  "pk": 66,
  "fields": {
    "name": "Can change event signup",
    "content_type": 16,
    "codename": "change_eventsignup"
  }
},
{
  "model": "auth.permission",
  "pk": 67,
  "fields": {
    "name": "Can delete event signup",
    "content_type": 16,
    "codename": "delete_eventsignup"
  }
},
{
  "model": "auth.permission",
  "pk": 68,
  "fields": {
    "name": "Can view event signup",
    "content_type": 16,
    "codename": "view_eventsignup"
  }
},
{
  "model": "auth.permission",
  "pk": 69,
  "fields": {
    "name": "Can add Project Category",
    "content_type": 20,
    "codename": "add_projectcategory"
  }
},
{
  "model": "auth.permission",
  "pk": 70,
  "fields": {
    "name": "Can change Project Category",
    "content_type": 20,
    "codename": "change_projectcategory"
  }
},
{
  "model": "auth.permission",
  "pk": 71,
  "fields": {
    "name": "Can delete Project Category",
    "content_type": 20,
    "codename": "delete_projectcategory"
  }
},
{
  "model": "auth.permission",
  "pk": 72,
  "fields": {
    "name": "Can view Project Category",
    "content_type": 20,
    "codename": "view_projectcategory"
  }
},
{
  "model": "auth.permission",
  "pk": 73,
  "fields": {
    "name": "Can add project",
    "content_type": 19,
    "codename": "add_project"
  }
},
{
  "model": "auth.permission",
  "pk": 74,
  "fields": {
    "name": "Can change project",
    "content_type": 19,
    "codename": "change_project"
  }
},
{
  "model": "auth.permission",
  "pk": 75,
  "fields": {
    "name": "Can delete project",
    "content_type": 19,
    "codename": "delete_project"
  }
},
{
  "model": "auth.permission",
  "pk": 76,
  "fields": {
    "name": "Can view project",
    "content_type": 19,
    "codename": "view_project"
  }
},
{
  "model": "auth.permission",
  "pk": 77,
  "fields": {
    "name": "Can add Favorite",
    "content_type": 18,
    "codename": "add_favorite"
  }
},
{
  "model": "auth.permission",
  "pk": 78,
  "fields": {
    "name": "Can change Favorite",
    "content_type": 18,
    "codename": "change_favorite"
  }
},
{
  "model": "auth.permission",
  "pk": 79,
  "fields": {
    "name": "Can delete Favorite",
    "content_type": 18,
    "codename": "delete_favorite"
  }
},
{
  "model": "auth.permission",
  "pk": 80,
  "fields": {
    "name": "Can view Favorite",
    "content_type": 18,
    "codename": "view_favorite"
  }
},
{
  "model": "auth.permission",
  "pk": 81,
  "fields": {
    "name": "Can add Project Review",
    "content_type": 22,
    "codename": "add_projectreview"
  }
},
{
  "model": "auth.permission",
  "pk": 82,
  "fields": {
    "name": "Can change Project Review",
    "content_type": 22,
    "codename": "change_projectreview"
  }
},
{
  "model": "auth.permission",
  "pk": 83,
  "fields": {
    "name": "Can delete Project Review",
    "content_type": 22,
    "codename": "delete_projectreview"
  }
},
{
  "model": "auth.permission",
  "pk": 84,
  "fields": {
    "name": "Can view Project Review",
    "content_type": 22,
    "codename": "view_projectreview"
  }
},
{
  "model": "auth.permission",
  "pk": 85,
  "fields": {
    "name": "Can add Project Rating",
    "content_type": 21,
    "codename": "add_projectrating"
  }
},
{
  "model": "auth.permission",
  "pk": 86,
  "fields": {
    "name": "Can change Project Rating",
    "content_type": 21,
    "codename": "change_projectrating"
  }
},
{
  "model": "auth.permission",
  "pk": 87,
  "fields": {
    "name": "Can delete Project Rating",
    "content_type": 21,
    "codename": "delete_projectrating"
  }
},
{
  "model": "auth.permission",
  "pk": 88,
  "fields": {
    "name": "Can view Project Rating",
    "content_type": 21,
    "codename": "view_projectrating"
  }
},
{
  "model": "auth.permission",
  "pk": 89,
  "fields": {
    "name": "Can add profile",
    "content_type": 23,
    "codename": "add_profile"
  }
},
{
  "model": "auth.permission",
  "pk": 90,
  "fields": {
    "name": "Can change profile",
    "content_type": 23,
    "codename": "change_profile"
  }
},
{
  "model": "auth.permission",
  "pk": 91,
  "fields": {
    "name": "Can delete profile",
    "content_type": 23,
    "codename": "delete_profile"
  }
},
{
  "model": "auth.permission",
  "pk": 92,
  "fields": {
    "name": "Can view profile",
    "content_type": 23,
    "codename": "view_profile"
  }
},
{
  "model": "auth.permission",
  "pk": 93,
  "fields": {
    "name": "Can add borrow",
    "content_type": 26,
    "codename": "add_borrow"
  }
},
{
  "model": "auth.permission",
  "pk": 94,
  "fields": {
    "name": "Can change borrow",
    "content_type": 26,
    "codename": "change_borrow"
  }
},
{
  "model": "auth.permission",
  "pk": 95,
  "fields": {
    "name": "Can delete borrow",
    "content_type": 26,
    "codename": "delete_borrow"
  }
},
{
  "model": "auth.permission",
  "pk": 96,
  "fields": {
    "name": "Can view borrow",
    "content_type": 26,
    "codename": "view_borrow"
  }
},
{
  "model": "auth.permission",
  "pk": 97,
  "fields": {
    "name": "Can add book review",
    "content_type": 25,
    "codename": "add_bookreview"
  }
},
{
  "model": "auth.permission",
  "pk": 98,
  "fields": {
    "name": "Can change book review",
    "content_type": 25,
    "codename": "change_bookreview"
  }
},
{
  "model": "auth.permission",
  "pk": 99,
  "fields": {
    "name": "Can delete book review",
    "content_type": 25,
    "codename": "delete_bookreview"
  }
},
{
  "model": "auth.permission",
  "pk": 100,
  "fields": {
    "name": "Can view book review",
    "content_type": 25,
    "codename": "view_bookreview"
  }
},
{
  "model": "auth.permission",
  "pk": 101,
  "fields": {
    "name": "Can add bookmark",
    "content_type": 24,
    "codename": "add_bookmark"
  }
},
{
  "model": "auth.permission",
  "pk": 102,
  "fields": {
    "name": "Can change bookmark",
    "content_type": 24,
    "codename": "change_bookmark"
  }
},
{
  "model": "auth.permission",
  "pk": 103,
  "fields": {
    "name": "Can delete bookmark",
    "content_type": 24,
    "codename": "delete_bookmark"
  }
},
{
  "model": "auth.permission",
  "pk": 104,
  "fields": {
    "name": "Can view bookmark",
    "content_type": 24,
    "codename": "view_bookmark"
  }
},
{
  "model": "auth.permission",
  "pk": 105,
  "fields": {
    "name": "Can add transaction",
    "content_type": 27,
    "codename": "add_transaction"
  }
},
{
  "model": "auth.permission",
  "pk": 106,
  "fields": {
    "name": "Can change transaction",
    "content_type": 27,
    "codename": "change_transaction"
  }
},
{
  "model": "auth.permission",
  "pk": 107,
  "fields": {
    "name": "Can delete transaction",
    "content_type": 27,
    "codename": "delete_transaction"
  }
},
{
  "model": "auth.permission",
  "pk": 108,
  "fields": {
    "name": "Can view transaction",
    "content_type": 27,
    "codename": "view_transaction"
  }
},
{
  "model": "auth.permission",
  "pk": 109,
  "fields": {
    "name": "Can add review vote",
    "content_type": 28,
    "codename": "add_reviewvote"
  }
},
{
  "model": "auth.permission",
  "pk": 110,
  "fields": {
    "name": "Can change review vote",
    "content_type": 28,
    "codename": "change_reviewvote"
  }
},
{
  "model": "auth.permission",
  "pk": 111,
  "fields": {
    "name": "Can delete review vote",
    "content_type": 28,
    "codename": "delete_reviewvote"
  }
},
{
  "model": "auth.permission",
  "pk": 112,
  "fields": {
    "name": "Can view review vote",
    "content_type": 28,
    "codename": "view_reviewvote"
  }
},
{
  "model": "auth.permission",
  "pk": 113,
  "fields": {
    "name": "Can add book rating",
    "content_type": 29,
    "codename": "add_bookrating"
  }
},
{
  "model": "auth.permission",
  "pk": 114,
  "fields": {
    "name": "Can change book rating",
    "content_type": 29,
    "codename": "change_bookrating"
  }
},
{
  "model": "auth.permission",
  "pk": 115,
  "fields": {
    "name": "Can delete book rating",
    "content_type": 29,
    "codename": "delete_bookrating"
  }
},
{
  "model": "auth.permission",
  "pk": 116,
  "fields": {
    "name": "Can view book rating",
    "content_type": 29,
    "codename": "view_bookrating"
  }
},
{
  "model": "auth.user",
  "pk": 1,
  "fields": {
    "password": "pbkdf2_sha256$1200000$ASYsVz9QPB1BvdHpr1FeU4$r5rB1HRVaOfEBtEVrZgf7oYkZCDY5LHCp+Upl5eUq9g=",
    "last_login": "2026-05-01T08:24:24.774Z",
    "is_superuser": true,
    "username": "sereneeee",
    "first_name": "Serene",
    "last_name": "Hyposelenia",
    "email": "marcohelite36@gmail.com",
    "is_staff": true,
    "is_active": true,
    "date_joined": "2026-04-21T15:14:33Z",
    "groups": [],
    "user_permissions": []
  }
},
{
  "model": "auth.user",
  "pk": 2,
  "fields": {
    "password": "pbkdf2_sha256$1200000$BBgszlBgWCf8fJ90TtIghx$MmfN1icT6kjzkPWAcx8t7sZjeAVNTyJRVWIsoo30DIY=",
    "last_login": "2026-04-22T09:11:54.673Z",
    "is_superuser": true,
    "username": "groupadmin",
    "first_name": "Group",
    "last_name": "Admin",
    "email": "jeconiahbautista@gmail.com",
    "is_staff": true,
    "is_active": true,
    "date_joined": "2026-04-21T15:26:52Z",
    "groups": [],
    "user_permissions": []
  }
},
{
  "model": "contenttypes.contenttype",
  "pk": 1,
  "fields": {
    "app_label": "admin",
    "model": "logentry"
  }
},
{
  "model": "contenttypes.contenttype",
  "pk": 2,
  "fields": {
    "app_label": "auth",
    "model": "group"
  }
},
{
  "model": "contenttypes.contenttype",
  "pk": 3,
  "fields": {
    "app_label": "auth",
    "model": "permission"
  }
},
{
  "model": "contenttypes.contenttype",
  "pk": 4,
  "fields": {
    "app_label": "auth",
    "model": "user"
  }
},
{
  "model": "contenttypes.contenttype",
  "pk": 5,
  "fields": {
    "app_label": "contenttypes",
    "model": "contenttype"
  }
},
{
  "model": "contenttypes.contenttype",
  "pk": 6,
  "fields": {
    "app_label": "sessions",
    "model": "session"
  }
},
{
  "model": "contenttypes.contenttype",
  "pk": 7,
  "fields": {
    "app_label": "commissions",
    "model": "commission"
  }
},
{
  "model": "contenttypes.contenttype",
  "pk": 8,
  "fields": {
    "app_label": "commissions",
    "model": "commissiontype"
  }
},
{
  "model": "contenttypes.contenttype",
  "pk": 9,
  "fields": {
    "app_label": "commissions",
    "model": "job"
  }
},
{
  "model": "contenttypes.contenttype",
  "pk": 10,
  "fields": {
    "app_label": "commissions",
    "model": "jobapplication"
  }
},
{
  "model": "contenttypes.contenttype",
  "pk": 11,
  "fields": {
    "app_label": "bookclub",
    "model": "book"
  }
},
{
  "model": "contenttypes.contenttype",
  "pk": 12,
  "fields": {
    "app_label": "bookclub",
    "model": "genre"
  }
},
{
  "model": "contenttypes.contenttype",
  "pk": 13,
  "fields": {
    "app_label": "merchstore",
    "model": "product"
  }
},
{
  "model": "contenttypes.contenttype",
  "pk": 14,
  "fields": {
    "app_label": "merchstore",
    "model": "producttype"
  }
},
{
  "model": "contenttypes.contenttype",
  "pk": 15,
  "fields": {
    "app_label": "localevents",
    "model": "event"
  }
},
{
  "model": "contenttypes.contenttype",
  "pk": 16,
  "fields": {
    "app_label": "localevents",
    "model": "eventsignup"
  }
},
{
  "model": "contenttypes.contenttype",
  "pk": 17,
  "fields": {
    "app_label": "localevents",
    "model": "eventtype"
  }
},
{
  "model": "contenttypes.contenttype",
  "pk": 18,
  "fields": {
    "app_label": "diyprojects",
    "model": "favorite"
  }
},
{
  "model": "contenttypes.contenttype",
  "pk": 19,
  "fields": {
    "app_label": "diyprojects",
    "model": "project"
  }
},
{
  "model": "contenttypes.contenttype",
  "pk": 20,
  "fields": {
    "app_label": "diyprojects",
    "model": "projectcategory"
  }
},
{
  "model": "contenttypes.contenttype",
  "pk": 21,
  "fields": {
    "app_label": "diyprojects",
    "model": "projectrating"
  }
},
{
  "model": "contenttypes.contenttype",
  "pk": 22,
  "fields": {
    "app_label": "diyprojects",
    "model": "projectreview"
  }
},
{
  "model": "contenttypes.contenttype",
  "pk": 23,
  "fields": {
    "app_label": "accounts",
    "model": "profile"
  }
},
{
  "model": "contenttypes.contenttype",
  "pk": 24,
  "fields": {
    "app_label": "bookclub",
    "model": "bookmark"
  }
},
{
  "model": "contenttypes.contenttype",
  "pk": 25,
  "fields": {
    "app_label": "bookclub",
    "model": "bookreview"
  }
},
{
  "model": "contenttypes.contenttype",
  "pk": 26,
  "fields": {
    "app_label": "bookclub",
    "model": "borrow"
  }
},
{
  "model": "contenttypes.contenttype",
  "pk": 27,
  "fields": {
    "app_label": "merchstore",
    "model": "transaction"
  }
},
{
  "model": "contenttypes.contenttype",
  "pk": 28,
  "fields": {
    "app_label": "diyprojects",
    "model": "reviewvote"
  }
},
{
  "model": "contenttypes.contenttype",
  "pk": 29,
  "fields": {
    "app_label": "bookclub",
    "model": "bookrating"
  }
},
{
  "model": "commissions.commissiontype",
  "pk": 1,
  "fields": {
    "name": "Digital Art",
    "description": "Custom digital illustrations including portraits, character designs, and concept art."
  }
},
{
  "model": "commissions.commissiontype",
  "pk": 2,
  "fields": {
    "name": "Web Development",
    "description": "Frontend and backend web projects such as portfolios, dashboards, and small business websites."
  }
},
{
  "model": "commissions.commissiontype",
  "pk": 3,
  "fields": {
    "name": "Video Editing",
    "description": "Editing services for vlogs, short films, promotional videos, and social media content."
  }
},
{
  "model": "commissions.commission",
  "pk": 1,
  "fields": {
    "type": 1,
    "maker": 1,
    "title": "Anime Portrait Commission",
    "description": "Looking for artists to help create anime-style portraits for a batch commission project. Must be consistent in style and meet deadlines.",
    "people_required": 2,
    "status": "0",
    "created_on": "2026-04-30T18:24:15.816Z",
    "updated_on": "2026-04-30T18:35:49.301Z"
  }
},
{
  "model": "commissions.commission",
  "pk": 2,
  "fields": {
    "type": 2,
    "maker": 2,
    "title": "Startup Website Build",
    "description": "Building a responsive website for a startup. Needs frontend developer, backend developer, and UI/UX designer.",
    "people_required": 3,
    "status": "0",
    "created_on": "2026-04-30T18:24:33.612Z",
    "updated_on": "2026-04-30T18:24:33.612Z"
  }
},
{
  "model": "commissions.commission",
  "pk": 3,
  "fields": {
    "type": 3,
    "maker": 2,
    "title": "YouTube Video Editing Pack",
    "description": "Editing a series of YouTube videos with transitions, subtitles, and background music.",
    "people_required": 1,
    "status": "1",
    "created_on": "2026-04-30T18:24:58.758Z",
    "updated_on": "2026-04-30T18:24:58.758Z"
  }
},
{
  "model": "commissions.job",
  "pk": 1,
  "fields": {
    "commission": 1,
    "role": "Line Artist",
    "manpower_required": 1,
    "status": "0"
  }
},
{
  "model": "commissions.job",
  "pk": 2,
  "fields": {
    "commission": 1,
    "role": "Colorist",
    "manpower_required": 1,
    "status": "1"
  }
},
{
  "model": "commissions.job",
  "pk": 3,
  "fields": {
    "commission": 2,
    "role": "Frontend Developer",
    "manpower_required": 1,
    "status": "0"
  }
},
{
  "model": "commissions.job",
  "pk": 4,
  "fields": {
    "commission": 2,
    "role": "Backend Developer",
    "manpower_required": 1,
    "status": "0"
  }
},
{
  "model": "commissions.job",
  "pk": 5,
  "fields": {
    "commission": 2,
    "role": "UI/UX Designer",
    "manpower_required": 1,
    "status": "0"
  }
},
{
  "model": "commissions.job",
  "pk": 6,
  "fields": {
    "commission": 3,
    "role": "Video Editor",
    "manpower_required": 1,
    "status": "1"
  }
},
{
  "model": "commissions.jobapplication",
  "pk": 1,
  "fields": {
    "job": 2,
    "applicant": 2,
    "status": "1",
    "applied_on": "2026-04-30T18:34:38.370Z"
  }
},
{
  "model": "commissions.jobapplication",
  "pk": 2,
  "fields": {
    "job": 4,
    "applicant": 1,
    "status": "1",
    "applied_on": "2026-04-30T18:34:46.412Z"
  }
},
{
  "model": "commissions.jobapplication",
  "pk": 3,
  "fields": {
    "job": 6,
    "applicant": 2,
    "status": "1",
    "applied_on": "2026-04-30T18:35:16.612Z"
  }
},
{
  "model": "commissions.jobapplication",
  "pk": 6,
  "fields": {
    "job": 3,
    "applicant": 1,
    "status": "0",
    "applied_on": "2026-05-01T05:12:50.772Z"
  }
},
{
  "model": "bookclub.genre",
  "pk": 1,
  "fields": {
    "name": "Adventure",
    "description": "Stories focused on exploration, quests, and journeys across vast worlds, often involving danger, friendship, and discovery."
  }
},
{
  "model": "bookclub.genre",
  "pk": 2,
  "fields": {
    "name": "Fantasy",
    "description": "Fiction that includes magical elements, supernatural beings, and imaginary worlds beyond reality."
  }
},
{
  "model": "bookclub.genre",
  "pk": 3,
  "fields": {
    "name": "Romance",
    "description": "Stories centered on relationships, emotional connections, and love, often involving personal growth and conflict."
  }
},
{
  "model": "bookclub.book",
  "pk": 1,
  "fields": {
    "title": "One Piece",
    "genre": 1,
    "contributor": 2,
    "author": "Eiichiro Oda",
    "synopsis": "A young pirate named Monkey D. Luffy sets out on a grand journey to find the legendary treasure known as the “One Piece” and become the King of the Pirates. Along the way, he forms a diverse crew and faces powerful enemies while exploring vast seas and mysterious islands.",
    "publication_year": 1997,
    "available_to_borrow": true,
    "created_on": "2026-04-30T17:51:52.278Z",
    "updated_on": "2026-04-30T18:10:42.660Z"
  }
},
{
  "model": "bookclub.book",
  "pk": 2,
  "fields": {
    "title": "Harry Potter and the Chamber of Secrets",
    "genre": 2,
    "contributor": 2,
    "author": "J.K. Rowling",
    "synopsis": "Harry Potter returns to Hogwarts School of Witchcraft and Wizardry for his second year, only to discover that a mysterious force is petrifying students. As secrets about the school’s past resurface, Harry must uncover the truth behind the Chamber of Secrets before it’s too late.",
    "publication_year": 1998,
    "available_to_borrow": true,
    "created_on": "2026-04-30T17:52:16.353Z",
    "updated_on": "2026-04-30T18:10:34.951Z"
  }
},
{
  "model": "bookclub.book",
  "pk": 3,
  "fields": {
    "title": "She’s Dating the Gangster",
    "genre": 3,
    "contributor": 2,
    "author": "Bianca Bernardino",
    "synopsis": "Athena Dizon agrees to pretend to be the girlfriend of Kenji de los Reyes, a notorious campus heartthrob with a bad-boy reputation. What starts as a fake relationship slowly turns into something deeper, as both confront their pasts, emotions, and the reality of love.",
    "publication_year": 2006,
    "available_to_borrow": false,
    "created_on": "2026-04-30T17:52:36.483Z",
    "updated_on": "2026-04-30T18:10:28.546Z"
  }
},
{
  "model": "bookclub.book",
  "pk": 4,
  "fields": {
    "title": "Kaguya-sama: Love Is War",
    "genre": 3,
    "contributor": 1,
    "author": "Aka Akasaka",
    "synopsis": "At the prestigious Shuchiin Academy, student council president Miyuki Shirogane and vice president Kaguya Shinomiya are both brilliant and prideful. Despite their mutual feelings, neither wants to confess first, believing it would be a sign of weakness. What follows is a series of hilarious psychological battles as they try to trick each other into admitting love.",
    "publication_year": 2015,
    "available_to_borrow": false,
    "created_on": "2026-04-30T18:07:29.194Z",
    "updated_on": "2026-04-30T18:10:23.211Z"
  }
},
{
  "model": "bookclub.bookreview",
  "pk": 1,
  "fields": {
    "user_reviewer": 1,
    "anon_reviewer": null,
    "book": 1,
    "title": "The Greatest Story of All Time",
    "comment": "One Piece isn’t just a story, it’s a lifelong journey. From the very first episode, it builds a world so rich and alive that you feel like you’re part of the crew. The characters are incredibly well-written, each with their own dreams, struggles, and emotional depth. What makes it truly special is how it balances humor, adventure, and heartbreaking moments seamlessly.\r\n\r\nThe storytelling is on another level. Plot threads introduced hundreds of chapters ago come back in the most satisfying ways, showing how carefully everything is planned. Themes of friendship, freedom, justice, and chasing your dreams are explored so powerfully that it leaves a lasting impact.\r\n\r\nIt’s rare for a series this long to maintain its quality, but One Piece just keeps getting better. For me, it’s not just one of the best stories ever told—it is the greatest story of all time."
  }
},
{
  "model": "bookclub.bookreview",
  "pk": 4,
  "fields": {
    "user_reviewer": null,
    "anon_reviewer": "Anonymous",
    "book": 4,
    "title": "I love Love is War",
    "comment": "My top 1. The best manga!"
  }
},
{
  "model": "bookclub.bookreview",
  "pk": 5,
  "fields": {
    "user_reviewer": null,
    "anon_reviewer": "Anonymous",
    "book": 4,
    "title": "I love Love is War",
    "comment": "My top 1. The best manga!"
  }
},
{
  "model": "bookclub.bookmark",
  "pk": 2,
  "fields": {
    "profile": 1,
    "book": 3,
    "date_bookmarked": "2026-05-01"
  }
},
{
  "model": "bookclub.borrow",
  "pk": 1,
  "fields": {
    "book": 2,
    "borrower": 1,
    "name": "Sereneeee",
    "date_borrowed": "2026-05-01",
    "date_to_return": "2026-05-15"
  }
},
{
  "model": "bookclub.borrow",
  "pk": 2,
  "fields": {
    "book": 2,
    "borrower": 1,
    "name": "Sereneeee",
    "date_borrowed": "2026-05-01",
    "date_to_return": "2026-05-15"
  }
},
{
  "model": "bookclub.borrow",
  "pk": 3,
  "fields": {
    "book": 2,
    "borrower": 1,
    "name": "Sereneeee",
    "date_borrowed": "2026-05-01",
    "date_to_return": "2026-05-15"
  }
},
{
  "model": "bookclub.borrow",
  "pk": 4,
  "fields": {
    "book": 2,
    "borrower": null,
    "name": "Jeco",
    "date_borrowed": "2026-05-01",
    "date_to_return": "2026-05-15"
  }
},
{
  "model": "bookclub.bookrating",
  "pk": 1,
  "fields": {
    "book": 4,
    "profile": 1,
    "score": 4
  }
},
{
  "model": "merchstore.producttype",
  "pk": 1,
  "fields": {
    "name": "Apparel",
    "description": "Clothing items such as shirts, hoodies, and wearable merchandise."
  }
},
{
  "model": "merchstore.producttype",
  "pk": 2,
  "fields": {
    "name": "Accessories",
    "description": "Small items like keychains, stickers, and collectible merchandise."
  }
},
{
  "model": "merchstore.producttype",
  "pk": 3,
  "fields": {
    "name": "Tech Gadgets",
    "description": "Functional tech items such as USB devices, lights, and desk accessories."
  }
},
{
  "model": "merchstore.product",
  "pk": 1,
  "fields": {
    "name": "One Piece Straw Hat Crew T-Shirt",
    "product_type": 1,
    "owner": 1,
    "product_image": "product_images/222b8c4e584d4596b5c22ab066cb6694_Large.jpg",
    "description": "High-quality cotton shirt featuring the Straw Hat Pirates logo. Comfortable and perfect for anime fans.",
    "price": "499.00",
    "stock": 18,
    "status": "AVAILABLE"
  }
},
{
  "model": "merchstore.product",
  "pk": 2,
  "fields": {
    "name": "Kaguya-sama Acrylic Keychain",
    "product_type": 2,
    "owner": 2,
    "product_image": "product_images/blh20754_0.webp",
    "description": "Double-sided acrylic keychain featuring Kaguya Shinomiya. Durable and lightweight.",
    "price": "150.00",
    "stock": 47,
    "status": "ON_SALE"
  }
},
{
  "model": "merchstore.product",
  "pk": 3,
  "fields": {
    "name": "LED Desk Lamp",
    "product_type": 3,
    "owner": 2,
    "product_image": "product_images/images_1.jpg",
    "description": "USB-powered LED lamp. Perfect for desk aesthetics.",
    "price": "899.00",
    "stock": 0,
    "status": "OUT_OF_STOCK"
  }
},
{
  "model": "merchstore.transaction",
  "pk": 1,
  "fields": {
    "buyer": 2,
    "product": 1,
    "amount": 2,
    "status": "TO_PAY",
    "created_on": "2026-04-30T19:21:13.297Z"
  }
},
{
  "model": "merchstore.transaction",
  "pk": 2,
  "fields": {
    "buyer": 1,
    "product": 2,
    "amount": 1,
    "status": "TO_SHIP",
    "created_on": "2026-04-30T19:21:22.147Z"
  }
},
{
  "model": "merchstore.transaction",
  "pk": 3,
  "fields": {
    "buyer": 1,
    "product": 3,
    "amount": 1,
    "status": "ON_CART",
    "created_on": "2026-04-30T19:21:32.767Z"
  }
},
{
  "model": "merchstore.transaction",
  "pk": 4,
  "fields": {
    "buyer": 1,
    "product": 2,
    "amount": 1,
    "status": "ON_CART",
    "created_on": "2026-05-01T04:09:15.708Z"
  }
},
{
  "model": "merchstore.transaction",
  "pk": 5,
  "fields": {
    "buyer": 1,
    "product": 2,
    "amount": 1,
    "status": "ON_CART",
    "created_on": "2026-05-01T04:44:18.072Z"
  }
},
{
  "model": "localevents.eventtype",
  "pk": 2,
  "fields": {
    "name": "Music Events",
    "description": "Live performances including concerts, gigs, and music festivals featuring various artists and genres."
  }
},
{
  "model": "localevents.eventtype",
  "pk": 3,
  "fields": {
    "name": "Cosplay & Fan Events",
    "description": "Events focused on cosplay, anime, gaming, and pop culture where participants showcase costumes and creativity."
  }
},
{
  "model": "localevents.eventtype",
  "pk": 4,
  "fields": {
    "name": "Sports & Competitions",
    "description": "Competitive events including physical activities, dance competitions, and tournaments."
  }
},
{
  "model": "localevents.event",
  "pk": 5,
  "fields": {
    "title": "UP Fair: Live Music Night",
    "category": 2,
    "event_image": "localevents_images/images_2.jpg",
    "description": "A night filled with live performances from local bands and artists. Enjoy music, food stalls, and a vibrant crowd.",
    "location": "UP Diliman Sunken Garden",
    "start_time": "2026-05-10T10:00:00Z",
    "end_time": "2026-05-10T15:00:00Z",
    "event_capacity": 500,
    "status": "Available",
    "created_on": "2026-04-30T19:29:10.697Z",
    "updated_on": "2026-05-01T02:16:34.419Z",
    "organizer": [
      1
    ]
  }
},
{
  "model": "localevents.event",
  "pk": 6,
  "fields": {
    "title": "Anime Cosplay Convention 2026",
    "category": 3,
    "event_image": "localevents_images/641566465_1329934792510859_875725122174176483_n.webp",
    "description": "A gathering for anime fans featuring cosplay competitions, merchandise booths, and guest appearances.",
    "location": "SMX Convention Center",
    "start_time": "2026-06-15T02:00:00Z",
    "end_time": "2026-06-15T10:00:00Z",
    "event_capacity": 300,
    "status": "Available",
    "created_on": "2026-04-30T19:30:43.508Z",
    "updated_on": "2026-04-30T19:30:43.508Z",
    "organizer": [
      2
    ]
  }
},
{
  "model": "localevents.event",
  "pk": 7,
  "fields": {
    "title": "Division Palaro 2026: Dancesport",
    "category": 4,
    "event_image": "localevents_images/images_3.jpg",
    "description": "A competitive dancesport event showcasing talent from various universities, featuring ballroom and latin categories.",
    "location": "Kalumpang Elementary School",
    "start_time": "2026-07-01T01:00:00Z",
    "end_time": "2026-07-01T09:00:00Z",
    "event_capacity": 2,
    "status": "Available",
    "created_on": "2026-04-30T19:32:16.931Z",
    "updated_on": "2026-05-01T01:41:47.443Z",
    "organizer": [
      1,
      2
    ]
  }
},
{
  "model": "localevents.eventsignup",
  "pk": 12,
  "fields": {
    "event": 5,
    "user_registrant": 2,
    "new_registrant": ""
  }
},
{
  "model": "localevents.eventsignup",
  "pk": 13,
  "fields": {
    "event": 6,
    "user_registrant": null,
    "new_registrant": ""
  }
},
{
  "model": "localevents.eventsignup",
  "pk": 14,
  "fields": {
    "event": 7,
    "user_registrant": null,
    "new_registrant": "Marvie Isabel Abuloc"
  }
},
{
  "model": "localevents.eventsignup",
  "pk": 18,
  "fields": {
    "event": 7,
    "user_registrant": null,
    "new_registrant": "Jeco"
  }
},
{
  "model": "diyprojects.projectcategory",
  "pk": 1,
  "fields": {
    "name": "Woodworking",
    "description": "Projects involving wood crafting such as furniture, decor, and small functional items."
  }
},
{
  "model": "diyprojects.projectcategory",
  "pk": 2,
  "fields": {
    "name": "Electronics",
    "description": "DIY builds involving circuits, Arduino, sensors, and embedded systems."
  }
},
{
  "model": "diyprojects.projectcategory",
  "pk": 3,
  "fields": {
    "name": "Arts & Crafts",
    "description": "Creative handmade projects including decorative items, paper crafts, and aesthetic designs."
  }
},
{
  "model": "diyprojects.project",
  "pk": 1,
  "fields": {
    "title": "DIY Wooden Phone Stand",
    "category": 1,
    "creator": 1,
    "description": "A simple and elegant wooden phone stand that can hold your device in both portrait and landscape modes.",
    "materials": "Scrap wood, wood glue, sandpaper, varnish",
    "steps": "1. Cut wood into base and holder pieces\r\n2. Sand all edges for smooth finish\r\n3. Assemble using wood glue\r\n4. Apply varnish and let dry",
    "created_on": "2026-04-30T19:00:22.054Z",
    "updated_on": "2026-05-01T04:01:30.144Z"
  }
},
{
  "model": "diyprojects.project",
  "pk": 2,
  "fields": {
    "title": "Obstacle Avoiding Robot (Arduino)",
    "category": 2,
    "creator": 2,
    "description": "A robot that detects obstacles using ultrasonic sensors and automatically changes direction.",
    "materials": "Arduino Uno, ultrasonic sensor, motor driver, wheels, battery pack",
    "steps": "1. Connect ultrasonic sensor to Arduino\r\n2. Program distance detection logic\r\n3. Attach motors and driver\r\n4. Test and calibrate movement",
    "created_on": "2026-04-30T19:00:48.333Z",
    "updated_on": "2026-04-30T19:00:48.333Z"
  }
},
{
  "model": "diyprojects.project",
  "pk": 3,
  "fields": {
    "title": "Handmade Explosion Gift Box",
    "category": 3,
    "creator": 2,
    "description": "A creative gift box that “explodes” into layers when opened, revealing messages and photos.",
    "materials": "Colored paper, glue, scissors, printed photos",
    "steps": "1. Cut and fold base structure\r\n2. Create layered panels\r\n3. Attach photos and messages\r\n4. Assemble outer box",
    "created_on": "2026-04-30T19:01:21.394Z",
    "updated_on": "2026-04-30T19:01:21.394Z"
  }
},
{
  "model": "diyprojects.favorite",
  "pk": 3,
  "fields": {
    "project": 3,
    "profile": 1,
    "date_favorited": "2026-05-01",
    "status": "Backlog"
  }
},
{
  "model": "diyprojects.projectreview",
  "pk": 1,
  "fields": {
    "project": 1,
    "reviewer": 2,
    "comment": "Simple but very practical. The steps were easy to follow and the final product looks clean and sturdy.",
    "image": "diyprojects_images/images.jpg",
    "parent": null
  }
},
{
  "model": "diyprojects.projectreview",
  "pk": 2,
  "fields": {
    "project": 3,
    "reviewer": 2,
    "comment": "Super creative and perfect for gifts. Took some time to assemble but the result was definitely worth it.",
    "image": "diyprojects_images/maxresdefault.jpg",
    "parent": null
  }
},
{
  "model": "diyprojects.projectreview",
  "pk": 3,
  "fields": {
    "project": 2,
    "reviewer": 1,
    "comment": "Really fun project! The explanation of the sensor logic was clear, and it worked perfectly after setup.",
    "image": "diyprojects_images/obstacle_avoiding_robot_using_arduino_uno_and_l293d_with_hc-sr04_sens_oA4khxh.jpg",
    "parent": null
  }
},
{
  "model": "diyprojects.projectreview",
  "pk": 5,
  "fields": {
    "project": 3,
    "reviewer": 1,
    "comment": "I couldn't agree more!",
    "image": "",
    "parent": 2
  }
},
{
  "model": "diyprojects.projectreview",
  "pk": 6,
  "fields": {
    "project": 3,
    "reviewer": 1,
    "comment": "I agree with someone on top",
    "image": "",
    "parent": 2
  }
},
{
  "model": "diyprojects.projectreview",
  "pk": 7,
  "fields": {
    "project": 3,
    "reviewer": 1,
    "comment": "Yes",
    "image": "",
    "parent": 2
  }
},
{
  "model": "diyprojects.projectrating",
  "pk": 1,
  "fields": {
    "project": 1,
    "profile": 2,
    "score": 8
  }
},
{
  "model": "diyprojects.projectrating",
  "pk": 2,
  "fields": {
    "project": 2,
    "profile": 1,
    "score": 10
  }
},
{
  "model": "diyprojects.projectrating",
  "pk": 3,
  "fields": {
    "project": 3,
    "profile": 1,
    "score": 9
  }
},
{
  "model": "diyprojects.projectrating",
  "pk": 4,
  "fields": {
    "project": 1,
    "profile": 1,
    "score": 7
  }
},
{
  "model": "diyprojects.reviewvote",
  "pk": 1,
  "fields": {
    "review": 2,
    "user": 1,
    "value": 1
  }
},
{
  "model": "accounts.profile",
  "pk": 1,
  "fields": {
    "user": 1,
    "display_name": "Sereneeee",
    "email_address": "marcohelite36@gmail.com",
    "role": "Commission Maker"
  }
},
{
  "model": "accounts.profile",
  "pk": 2,
  "fields": {
    "user": 2,
    "display_name": "Group Admin",
    "email_address": "jeconiahbautista@gmail.com",
    "role": "Customer"
  }
}
]
